id,firstname,lastname,email
100,Georgina,Hull,Georgina.Hull@yopmail.com
101,Lila,Dichy,Lila.Dichy@yopmail.com
102,Amalie,Mauer,Amalie.Mauer@yopmail.com
103,Taffy,Garrison,Taffy.Garrison@yopmail.com
104,Lauryn,Alrich,Lauryn.Alrich@yopmail.com
105,Carol-Jean,Monaco,Carol-Jean.Monaco@yopmail.com
106,Cacilie,Pacorro,Cacilie.Pacorro@yopmail.com
107,Pollyanna,Sadowski,Pollyanna.Sadowski@yopmail.com
108,Tarra,Winnick,Tarra.Winnick@yopmail.com
109,Eve,Ovid,Eve.Ovid@yopmail.com
